shape_signature,dtype,head_size,block_size,num_seqs,total_q,max_seqlen_q,max_seqlen_k,sliding_window,triton_latency_ms,rocke_latency_ms,speedup_triton_over_ckdsl,rocke_correct_max_abs,rocke_policy,cap_blocks
d64_b32_h64kv8_q1000_k1000_ns1_tq1000_sw128_sc0_sinks1_bfloat16,torch.bfloat16,64,32,1,1000,1000,1000,128,0.029859161376953124,0.03101317584514618,0.9628,0.003906,production_dispatch,65536
d64_b32_h64kv8_q1000_k1000_ns1_tq1000_sw0_sc0_sinks1_bfloat16,torch.bfloat16,64,32,1,1000,1000,1000,0,0.03504720032215118,0.039844223856925966,0.8796,0.003906,production_dispatch,65536
d64_b32_h64kv8_q1000_k1002_ns10_tq8192_sw128_sc0_sinks1_bfloat16,torch.bfloat16,64,32,10,8192,1000,1002,128,0.10641710758209229,0.10241167545318604,1.0391,0.007812,production_dispatch,65536
d64_b32_h64kv8_q1000_k1002_ns10_tq8192_sw0_sc0_sinks1_bfloat16,torch.bfloat16,64,32,10,8192,1000,1002,0,0.20531535148620605,0.22577779293060302,0.9094,0.000977,production_dispatch,65536
d64_b32_h64kv8_q1000_k1003_ns18_tq8192_sw128_sc0_sinks1_bfloat16,torch.bfloat16,64,32,18,8192,1000,1003,128,0.09793557524681092,0.10476009845733643,0.9349,0.007812,production_dispatch,65536
d64_b32_h64kv8_q1000_k1003_ns18_tq8192_sw0_sc0_sinks1_bfloat16,torch.bfloat16,64,32,18,8192,1000,1003,0,0.24434492588043213,0.2642925500869751,0.9245,0.000977,production_dispatch,65536
d64_b32_h64kv8_q1000_k1004_ns26_tq8192_sw128_sc0_sinks1_bfloat16,torch.bfloat16,64,32,26,8192,1000,1004,128,0.09701207280158997,0.10500212907791137,0.9239,0.007812,production_dispatch,65536
d64_b32_h64kv8_q1000_k1004_ns26_tq8192_sw0_sc0_sinks1_bfloat16,torch.bfloat16,64,32,26,8192,1000,1004,0,0.2619534969329834,0.27727210521698,0.9448,0.000977,production_dispatch,65536
d64_b32_h64kv8_q1000_k1005_ns34_tq8192_sw128_sc0_sinks1_bfloat16,torch.bfloat16,64,32,34,8192,1000,1005,128,0.10503661632537842,0.10630662441253662,0.9881,0.007812,production_dispatch,65536
d64_b32_h64kv8_q1000_k1005_ns34_tq8192_sw0_sc0_sinks1_bfloat16,torch.bfloat16,64,32,34,8192,1000,1005,0,0.27677164077758787,0.2945662260055542,0.9396,0.000977,production_dispatch,65536
d64_b32_h64kv8_q1000_k1006_ns42_tq8192_sw128_sc0_sinks1_bfloat16,torch.bfloat16,64,32,42,8192,1000,1006,128,0.11810270547866822,0.1062556266784668,1.1115,0.007812,production_dispatch,65536
d64_b32_h64kv8_q1000_k1006_ns42_tq8192_sw0_sc0_sinks1_bfloat16,torch.bfloat16,64,32,42,8192,1000,1006,0,0.2836491584777832,0.2998007535934448,0.9461,0.001953,production_dispatch,65536
d64_b32_h64kv8_q1000_k1007_ns51_tq8192_sw128_sc0_sinks1_bfloat16,torch.bfloat16,64,32,51,8192,1000,1007,128,0.09684056043624878,0.10500061511993408,0.9223,0.007812,production_dispatch,65536
d64_b32_h64kv8_q1000_k1007_ns51_tq8192_sw0_sc0_sinks1_bfloat16,torch.bfloat16,64,32,51,8192,1000,1007,0,0.28682019710540774,0.3008312702178955,0.9534,0.001953,production_dispatch,65536
d64_b32_h64kv8_q1000_k1008_ns59_tq8192_sw128_sc0_sinks1_bfloat16,torch.bfloat16,64,32,59,8192,1000,1008,128,0.09959858655929565,0.10490161180496216,0.9494,0.007812,production_dispatch,65536
d64_b32_h64kv8_q1000_k1008_ns59_tq8192_sw0_sc0_sinks1_bfloat16,torch.bfloat16,64,32,59,8192,1000,1008,0,0.2930532217025757,0.30183680057525636,0.9709,0.000977,production_dispatch,65536
d64_b32_h64kv8_q1000_k1009_ns64_tq5890_sw128_sc0_sinks1_bfloat16,torch.bfloat16,64,32,64,5890,1000,1009,128,0.07907395958900451,0.08151297569274903,0.9701,0.007812,production_dispatch,65536
d64_b32_h64kv8_q1000_k1009_ns64_tq5890_sw0_sc0_sinks1_bfloat16,torch.bfloat16,64,32,64,5890,1000,1009,0,0.22321031093597413,0.23342936038970946,0.9562,0.000977,production_dispatch,65536
d64_b32_h64kv8_q1000_k1000_ns2_tq2000_sw128_sc0_sinks1_bfloat16,torch.bfloat16,64,32,2,2000,1000,1000,128,0.029773175716400146,0.03099067509174347,0.9607,0.007812,production_dispatch,65536
d64_b32_h64kv8_q1000_k1000_ns2_tq2000_sw0_sc0_sinks1_bfloat16,torch.bfloat16,64,32,2,2000,1000,1000,0,0.05934284925460816,0.06694238781929016,0.8865,0.001953,production_dispatch,65536
d64_b32_h64kv8_q1000_k1001_ns11_tq8192_sw128_sc0_sinks1_bfloat16,torch.bfloat16,64,32,11,8192,1000,1001,128,0.09346405267715455,0.10314710140228271,0.9061,0.007812,production_dispatch,65536
d64_b32_h64kv8_q1000_k1001_ns11_tq8192_sw0_sc0_sinks1_bfloat16,torch.bfloat16,64,32,11,8192,1000,1001,0,0.2107492446899414,0.23047935962677002,0.9144,0.000977,production_dispatch,65536
d64_b32_h64kv8_q1000_k1009_ns76_tq8192_sw128_sc0_sinks1_bfloat16,torch.bfloat16,64,32,76,8192,1000,1009,128,0.1013221025466919,0.10730313062667847,0.9443,0.007812,production_dispatch,65536
d64_b32_h64kv8_q1000_k1009_ns76_tq8192_sw0_sc0_sinks1_bfloat16,torch.bfloat16,64,32,76,8192,1000,1009,0,0.31243085861206055,0.3136118173599243,0.9962,0.003906,production_dispatch,65536
d64_b32_h64kv8_q1000_k1010_ns84_tq8192_sw128_sc0_sinks1_bfloat16,torch.bfloat16,64,32,84,8192,1000,1010,128,0.10364861488342285,0.10889712572097779,0.9518,0.007812,production_dispatch,65536
d64_b32_h64kv8_q1000_k1010_ns84_tq8192_sw0_sc0_sinks1_bfloat16,torch.bfloat16,64,32,84,8192,1000,1010,0,0.33124043941497805,0.33056344985961916,1.002,0.001953,production_dispatch,65536
d64_b32_h64kv8_q1000_k1011_ns92_tq8192_sw128_sc0_sinks1_bfloat16,torch.bfloat16,64,32,92,8192,1000,1011,128,0.10153009891510009,0.11250118017196656,0.9025,0.007812,production_dispatch,65536
d64_b32_h64kv8_q1000_k1011_ns92_tq8192_sw0_sc0_sinks1_bfloat16,torch.bfloat16,64,32,92,8192,1000,1011,0,0.3281209468841553,0.3193368911743164,1.0275,0.000977,production_dispatch,65536
d64_b32_h64kv8_q1000_k1012_ns100_tq8192_sw128_sc0_sinks1_bfloat16,torch.bfloat16,64,32,100,8192,1000,1012,128,0.10956364870071411,0.10936813354492188,1.0018,0.007812,production_dispatch,65536
d64_b32_h64kv8_q1000_k1012_ns100_tq8192_sw0_sc0_sinks1_bfloat16,torch.bfloat16,64,32,100,8192,1000,1012,0,0.3528635501861572,0.33868348598480225,1.0419,0.001953,production_dispatch,65536
d64_b32_h64kv8_q1000_k1013_ns108_tq8192_sw128_sc0_sinks1_bfloat16,torch.bfloat16,64,32,108,8192,1000,1013,128,0.10128209590911866,0.10899263620376587,0.9293,0.007812,production_dispatch,65536
d64_b32_h64kv8_q1000_k1013_ns108_tq8192_sw0_sc0_sinks1_bfloat16,torch.bfloat16,64,32,108,8192,1000,1013,0,0.3343954563140869,0.32045888900756836,1.0435,0.001953,production_dispatch,65536
d64_b32_h64kv8_q1000_k1014_ns116_tq8192_sw128_sc0_sinks1_bfloat16,torch.bfloat16,64,32,116,8192,1000,1014,128,0.10436811447143554,0.10574761629104615,0.987,0.007812,production_dispatch,65536
d64_b32_h64kv8_q1000_k1014_ns116_tq8192_sw0_sc0_sinks1_bfloat16,torch.bfloat16,64,32,116,8192,1000,1014,0,0.36231811046600343,0.335483455657959,1.08,0.003906,production_dispatch,65536
d64_b32_h64kv8_q1000_k1015_ns125_tq8192_sw128_sc0_sinks1_bfloat16,torch.bfloat16,64,32,125,8192,1000,1015,128,0.11071765422821045,0.11306766271591187,0.9792,0.007812,production_dispatch,65536
d64_b32_h64kv8_q1000_k1015_ns125_tq8192_sw0_sc0_sinks1_bfloat16,torch.bfloat16,64,32,125,8192,1000,1015,0,0.38901629447937014,0.355936598777771,1.0929,0.001953,production_dispatch,65536
d64_b32_h64kv8_q1000_k1016_ns133_tq8192_sw128_sc0_sinks1_bfloat16,torch.bfloat16,64,32,133,8192,1000,1016,128,0.10773313045501709,0.11029763221740722,0.9767,0.003906,production_dispatch,65536
d64_b32_h64kv8_q1000_k1016_ns133_tq8192_sw0_sc0_sinks1_bfloat16,torch.bfloat16,64,32,133,8192,1000,1016,0,0.3563481092453003,0.3239999055862427,1.0998,0.003906,production_dispatch,65536
d64_b32_h64kv8_q1000_k1017_ns141_tq8192_sw128_sc0_sinks1_bfloat16,torch.bfloat16,64,32,141,8192,1000,1017,128,0.10137959718704223,0.10978465080261231,0.9234,0.007812,production_dispatch,65536
d64_b32_h64kv8_q1000_k1017_ns141_tq8192_sw0_sc0_sinks1_bfloat16,torch.bfloat16,64,32,141,8192,1000,1017,0,0.3764967441558838,0.3336289405822754,1.1285,0.000977,production_dispatch,65536
d64_b32_h64kv8_q1000_k1018_ns149_tq8192_sw128_sc0_sinks1_bfloat16,torch.bfloat16,64,32,149,8192,1000,1018,128,0.10546612739562988,0.10788064002990723,0.9776,0.007812,production_dispatch,65536
d64_b32_h64kv8_q1000_k1018_ns149_tq8192_sw0_sc0_sinks1_bfloat16,torch.bfloat16,64,32,149,8192,1000,1018,0,0.3952588319778442,0.3465895414352417,1.1404,0.003906,production_dispatch,65536
d64_b32_h64kv8_q1000_k1019_ns157_tq8192_sw128_sc0_sinks1_bfloat16,torch.bfloat16,64,32,157,8192,1000,1019,128,0.10967814922332764,0.10750362873077393,1.0202,0.007812,production_dispatch,65536
d64_b32_h64kv8_q1000_k1019_ns157_tq8192_sw0_sc0_sinks1_bfloat16,torch.bfloat16,64,32,157,8192,1000,1019,0,0.4137904167175293,0.35917708873748777,1.1521,0.001953,production_dispatch,65536
d64_b32_h64kv8_q1000_k1020_ns165_tq8192_sw128_sc0_sinks1_bfloat16,torch.bfloat16,64,32,165,8192,1000,1020,128,0.11475417613983155,0.11316015720367431,1.0141,0.007812,production_dispatch,65536
d64_b32_h64kv8_q1000_k1020_ns165_tq8192_sw0_sc0_sinks1_bfloat16,torch.bfloat16,64,32,165,8192,1000,1020,0,0.4382805824279785,0.3717566967010498,1.1789,0.001953,production_dispatch,65536
d64_b32_h64kv8_q1000_k1021_ns173_tq8192_sw128_sc0_sinks1_bfloat16,torch.bfloat16,64,32,173,8192,1000,1021,128,0.11388267278671264,0.10895963907241821,1.0452,0.007812,production_dispatch,65536
d64_b32_h64kv8_q1000_k1021_ns173_tq8192_sw0_sc0_sinks1_bfloat16,torch.bfloat16,64,32,173,8192,1000,1021,0,0.4312185287475586,0.345943546295166,1.2465,0.000977,production_dispatch,65536
d64_b32_h64kv8_q1000_k1022_ns181_tq8192_sw128_sc0_sinks1_bfloat16,torch.bfloat16,64,32,181,8192,1000,1022,128,0.10809613466262817,0.11247466802597046,0.9611,0.007812,production_dispatch,65536
d64_b32_h64kv8_q1000_k1022_ns181_tq8192_sw0_sc0_sinks1_bfloat16,torch.bfloat16,64,32,181,8192,1000,1022,0,0.3946038484573364,0.3358644723892212,1.1749,0.000977,production_dispatch,65536
d64_b32_h64kv8_q1000_k1023_ns189_tq8192_sw128_sc0_sinks1_bfloat16,torch.bfloat16,64,32,189,8192,1000,1023,128,0.10882713794708251,0.11393717527389527,0.9552,0.007812,production_dispatch,65536
d64_b32_h64kv8_q1000_k1023_ns189_tq8192_sw0_sc0_sinks1_bfloat16,torch.bfloat16,64,32,189,8192,1000,1023,0,0.3959038257598877,0.3446935176849365,1.1486,0.000977,production_dispatch,65536
d64_b32_h64kv8_q1000_k1024_ns197_tq8192_sw128_sc0_sinks1_bfloat16,torch.bfloat16,64,32,197,8192,1000,1024,128,0.11060714721679688,0.11434966325759888,0.9673,0.007812,production_dispatch,65536
d64_b32_h64kv8_q1000_k1024_ns197_tq8192_sw0_sc0_sinks1_bfloat16,torch.bfloat16,64,32,197,8192,1000,1024,0,0.40268383026123045,0.3527460813522339,1.1416,0.001953,production_dispatch,65536
d64_b32_h64kv8_q1000_k1025_ns205_tq8192_sw128_sc0_sinks1_bfloat16,torch.bfloat16,64,32,205,8192,1000,1025,128,0.11805468797683716,0.2762830018997192,0.4273,0.007812,production_dispatch,65536
d64_b32_h64kv8_q1000_k1025_ns205_tq8192_sw0_sc0_sinks1_bfloat16,torch.bfloat16,64,32,205,8192,1000,1025,0,0.4199035167694092,0.3656801462173462,1.1483,0.001953,production_dispatch,65536
d64_b32_h64kv8_q1000_k1026_ns213_tq8192_sw128_sc0_sinks1_bfloat16,torch.bfloat16,64,32,213,8192,1000,1026,128,0.12486873865127564,0.11535868644714356,1.0824,0.007812,production_dispatch,65536
d64_b32_h64kv8_q1000_k1026_ns213_tq8192_sw0_sc0_sinks1_bfloat16,torch.bfloat16,64,32,213,8192,1000,1026,0,0.44155011177062986,0.3774142265319824,1.1699,0.000977,production_dispatch,65536
d64_b32_h64kv8_q1000_k1027_ns221_tq8192_sw128_sc0_sinks1_bfloat16,torch.bfloat16,64,32,221,8192,1000,1027,128,0.1276567578315735,0.11690869331359863,1.0919,0.007812,production_dispatch,65536
d64_b32_h64kv8_q1000_k1027_ns221_tq8192_sw0_sc0_sinks1_bfloat16,torch.bfloat16,64,32,221,8192,1000,1027,0,0.45623321533203126,0.3868712425231934,1.1793,0.000977,production_dispatch,65536
d64_b32_h64kv8_q1000_k1028_ns229_tq8192_sw128_sc0_sinks1_bfloat16,torch.bfloat16,64,32,229,8192,1000,1028,128,0.12399872541427612,0.11334016323089599,1.094,0.007812,production_dispatch,65536
d64_b32_h64kv8_q1000_k1028_ns229_tq8192_sw0_sc0_sinks1_bfloat16,torch.bfloat16,64,32,229,8192,1000,1028,0,0.4653297424316406,0.3985303401947021,1.1676,0.001953,production_dispatch,65536
d64_b32_h64kv8_q1000_k1029_ns237_tq8192_sw128_sc0_sinks1_bfloat16,torch.bfloat16,64,32,237,8192,1000,1029,128,0.1325382709503174,0.11705318689346314,1.1323,0.007812,production_dispatch,65536
d64_b32_h64kv8_q1000_k1029_ns237_tq8192_sw0_sc0_sinks1_bfloat16,torch.bfloat16,64,32,237,8192,1000,1029,0,0.48883638381958006,0.41332197189331055,1.1827,0.000977,production_dispatch,65536
d64_b32_h64kv8_q1000_k1030_ns245_tq8192_sw128_sc0_sinks1_bfloat16,torch.bfloat16,64,32,245,8192,1000,1030,128,0.13262077569961547,0.12030571699142456,1.1024,0.007812,production_dispatch,65536
d64_b32_h64kv8_q1000_k1030_ns245_tq8192_sw0_sc0_sinks1_bfloat16,torch.bfloat16,64,32,245,8192,1000,1030,0,0.5022024631500244,0.42295498847961427,1.1874,0.000977,production_dispatch,65536
d64_b32_h64kv8_q1000_k1031_ns253_tq8192_sw128_sc0_sinks1_bfloat16,torch.bfloat16,64,32,253,8192,1000,1031,128,0.11523717641830444,0.11166914701461791,1.032,0.007812,production_dispatch,65536
d64_b32_h64kv8_q1000_k1031_ns253_tq8192_sw0_sc0_sinks1_bfloat16,torch.bfloat16,64,32,253,8192,1000,1031,0,0.41674346923828126,0.3610781192779541,1.1542,0.001953,production_dispatch,65536
d64_b32_h64kv8_q1000_k1032_ns261_tq8192_sw128_sc0_sinks1_bfloat16,torch.bfloat16,64,32,261,8192,1000,1032,128,0.1123011589050293,0.11137465238571168,1.0083,0.007812,production_dispatch,65536
d64_b32_h64kv8_q1000_k1032_ns261_tq8192_sw0_sc0_sinks1_bfloat16,torch.bfloat16,64,32,261,8192,1000,1032,0,0.3889802932739258,0.33980350494384765,1.1447,0.001953,production_dispatch,65536
d64_b32_h64kv8_q1000_k1033_ns269_tq8192_sw128_sc0_sinks1_bfloat16,torch.bfloat16,64,32,269,8192,1000,1033,128,0.117380690574646,0.11681768894195557,1.0048,0.003906,production_dispatch,65536
d64_b32_h64kv8_q1000_k1033_ns269_tq8192_sw0_sc0_sinks1_bfloat16,torch.bfloat16,64,32,269,8192,1000,1033,0,0.3997248649597168,0.3495765447616577,1.1435,0.000977,production_dispatch,65536
d64_b32_h64kv8_q1000_k1034_ns276_tq8192_sw128_sc0_sinks1_bfloat16,torch.bfloat16,64,32,276,8192,1000,1034,128,0.12017520666122436,0.1185371994972229,1.0138,0.007812,production_dispatch,65536
d64_b32_h64kv8_q1000_k1034_ns276_tq8192_sw0_sc0_sinks1_bfloat16,torch.bfloat16,64,32,276,8192,1000,1034,0,0.40540242195129395,0.3541701078414917,1.1447,0.000977,production_dispatch,65536
d64_b32_h64kv8_q1000_k1035_ns284_tq8192_sw128_sc0_sinks1_bfloat16,torch.bfloat16,64,32,284,8192,1000,1035,128,0.11740169525146485,0.11864818334579467,0.9895,0.007812,production_dispatch,65536
d64_b32_h64kv8_q1000_k1035_ns284_tq8192_sw0_sc0_sinks1_bfloat16,torch.bfloat16,64,32,284,8192,1000,1035,0,0.580740213394165,0.3591506242752075,1.617,0.000977,production_dispatch,65536
d64_b32_h64kv8_q1000_k1036_ns292_tq8192_sw128_sc0_sinks1_bfloat16,torch.bfloat16,64,32,292,8192,1000,1036,128,0.11414767503738403,0.1187066912651062,0.9616,0.007812,production_dispatch,65536
d64_b32_h64kv8_q1000_k1036_ns292_tq8192_sw0_sc0_sinks1_bfloat16,torch.bfloat16,64,32,292,8192,1000,1036,0,0.42974104881286623,0.36506264209747313,1.1772,0.001953,production_dispatch,65536
d64_b32_h64kv8_q1000_k1037_ns300_tq8192_sw128_sc0_sinks1_bfloat16,torch.bfloat16,64,32,300,8192,1000,1037,128,0.13707481622695922,0.12317472696304321,1.1128,0.007812,production_dispatch,65536
d64_b32_h64kv8_q1000_k1037_ns300_tq8192_sw0_sc0_sinks1_bfloat16,torch.bfloat16,64,32,300,8192,1000,1037,0,0.504803991317749,0.3842572450637817,1.3137,0.001953,production_dispatch,65536
d64_b32_h64kv8_q1000_k1038_ns308_tq8192_sw128_sc0_sinks1_bfloat16,torch.bfloat16,64,32,308,8192,1000,1038,128,0.13453478813171388,0.12486623525619507,1.0774,0.007812,production_dispatch,65536
d64_b32_h64kv8_q1000_k1038_ns308_tq8192_sw0_sc0_sinks1_bfloat16,torch.bfloat16,64,32,308,8192,1000,1038,0,0.49068140983581543,0.3931823015213013,1.248,0.001953,production_dispatch,65536
d64_b32_h64kv8_q1000_k1039_ns316_tq8192_sw128_sc0_sinks1_bfloat16,torch.bfloat16,64,32,316,8192,1000,1039,128,0.12819124460220338,0.12669675350189208,1.0118,0.007812,production_dispatch,65536
d64_b32_h64kv8_q1000_k1039_ns316_tq8192_sw0_sc0_sinks1_bfloat16,torch.bfloat16,64,32,316,8192,1000,1039,0,0.4593377113342285,0.39389183521270754,1.1662,0.001953,production_dispatch,65536
d64_b32_h64kv8_q1000_k1040_ns324_tq8192_sw128_sc0_sinks1_bfloat16,torch.bfloat16,64,32,324,8192,1000,1040,128,0.13078277111053466,0.12507773637771608,1.0456,0.003906,production_dispatch,65536
d64_b32_h64kv8_q1000_k1040_ns324_tq8192_sw0_sc0_sinks1_bfloat16,torch.bfloat16,64,32,324,8192,1000,1040,0,0.47667732238769533,0.40010685920715333,1.1914,0.003906,production_dispatch,65536
d64_b32_h64kv8_q1000_k1041_ns332_tq8192_sw128_sc0_sinks1_bfloat16,torch.bfloat16,64,32,332,8192,1000,1041,128,0.13162627220153808,0.1299277663230896,1.0131,0.007812,production_dispatch,65536
d64_b32_h64kv8_q1000_k1041_ns332_tq8192_sw0_sc0_sinks1_bfloat16,torch.bfloat16,64,32,332,8192,1000,1041,0,0.48111486434936523,0.40558037757873533,1.1862,0.001953,production_dispatch,65536
d64_b32_h64kv8_q1000_k1042_ns340_tq8192_sw128_sc0_sinks1_bfloat16,torch.bfloat16,64,32,340,8192,1000,1042,128,0.1332692861557007,0.14208133220672609,0.938,0.007812,production_dispatch,65536
d64_b32_h64kv8_q1000_k1042_ns340_tq8192_sw0_sc0_sinks1_bfloat16,torch.bfloat16,64,32,340,8192,1000,1042,0,0.4863093376159668,0.4105839252471924,1.1844,0.001953,production_dispatch,65536
d64_b32_h64kv8_q1000_k1043_ns347_tq8192_sw128_sc0_sinks1_bfloat16,torch.bfloat16,64,32,347,8192,1000,1043,128,0.1369202971458435,0.12867326736450196,1.0641,0.007812,production_dispatch,65536
d64_b32_h64kv8_q1000_k1043_ns347_tq8192_sw0_sc0_sinks1_bfloat16,torch.bfloat16,64,32,347,8192,1000,1043,0,0.49569039344787597,0.4208630084991455,1.1778,0.000977,production_dispatch,65536
d64_b32_h64kv8_q1000_k1044_ns355_tq8192_sw128_sc0_sinks1_bfloat16,torch.bfloat16,64,32,355,8192,1000,1044,128,0.1396153211593628,0.11875720024108886,1.1756,0.007812,production_dispatch,65536
d64_b32_h64kv8_q1000_k1044_ns355_tq8192_sw0_sc0_sinks1_bfloat16,torch.bfloat16,64,32,355,8192,1000,1044,0,0.5066315174102783,0.4250770092010498,1.1919,0.001953,production_dispatch,65536
d64_b32_h64kv8_q1000_k1045_ns363_tq8192_sw128_sc0_sinks1_bfloat16,torch.bfloat16,64,32,363,8192,1000,1045,128,0.1373603105545044,0.11536366939544677,1.1907,0.007812,production_dispatch,65536
d64_b32_h64kv8_q1000_k1045_ns363_tq8192_sw0_sc0_sinks1_bfloat16,torch.bfloat16,64,32,363,8192,1000,1045,0,0.5251066207885742,0.4351645469665527,1.2067,0.000977,production_dispatch,65536
d64_b32_h64kv8_q1000_k1046_ns371_tq8192_sw128_sc0_sinks1_bfloat16,torch.bfloat16,64,32,371,8192,1000,1046,128,0.12974525690078736,0.11410317420959473,1.1371,0.003906,production_dispatch,65536
d64_b32_h64kv8_q1000_k1046_ns371_tq8192_sw0_sc0_sinks1_bfloat16,torch.bfloat16,64,32,371,8192,1000,1046,0,0.5260255813598633,0.441878604888916,1.1904,0.001953,production_dispatch,65536
d64_b32_h64kv8_q1000_k1047_ns379_tq8192_sw128_sc0_sinks1_bfloat16,torch.bfloat16,64,32,379,8192,1000,1047,128,0.13139877319335938,0.11349166631698608,1.1578,0.007812,production_dispatch,65536
d64_b32_h64kv8_q1000_k1047_ns379_tq8192_sw0_sc0_sinks1_bfloat16,torch.bfloat16,64,32,379,8192,1000,1047,0,0.5381726264953614,0.44446659088134766,1.2108,0.001953,production_dispatch,65536
d64_b32_h64kv8_q1000_k1048_ns387_tq8192_sw128_sc0_sinks1_bfloat16,torch.bfloat16,64,32,387,8192,1000,1048,128,0.13420380353927613,0.11733518838882447,1.1438,0.007812,production_dispatch,65536
d64_b32_h64kv8_q1000_k1048_ns387_tq8192_sw0_sc0_sinks1_bfloat16,torch.bfloat16,64,32,387,8192,1000,1048,0,0.548942756652832,0.45710268020629885,1.2009,0.001953,production_dispatch,65536
d64_b32_h64kv8_q1000_k1049_ns394_tq8192_sw128_sc0_sinks1_bfloat16,torch.bfloat16,64,32,394,8192,1000,1049,128,0.14031533002853394,0.11796019077301026,1.1895,0.007812,production_dispatch,65536
d64_b32_h64kv8_q1000_k1049_ns394_tq8192_sw0_sc0_sinks1_bfloat16,torch.bfloat16,64,32,394,8192,1000,1049,0,0.5632318019866943,0.45941920280456544,1.226,0.001953,production_dispatch,65536
d64_b32_h64kv8_q1000_k1050_ns402_tq8192_sw128_sc0_sinks1_bfloat16,torch.bfloat16,64,32,402,8192,1000,1050,128,0.14081182479858398,0.11827019453048707,1.1906,0.007812,production_dispatch,65536
d64_b32_h64kv8_q1000_k1050_ns402_tq8192_sw0_sc0_sinks1_bfloat16,torch.bfloat16,64,32,402,8192,1000,1050,0,0.5685338497161865,0.47179479598999025,1.205,0.001953,production_dispatch,65536
d64_b32_h64kv8_q1000_k1051_ns410_tq8192_sw128_sc0_sinks1_bfloat16,torch.bfloat16,64,32,410,8192,1000,1051,128,0.141912841796875,0.11848069429397583,1.1978,0.007812,production_dispatch,65536
d64_b32_h64kv8_q1000_k1051_ns410_tq8192_sw0_sc0_sinks1_bfloat16,torch.bfloat16,64,32,410,8192,1000,1051,0,0.5749043941497802,0.47152228355407716,1.2193,0.000977,production_dispatch,65536
d64_b32_h64kv8_q1000_k1052_ns418_tq8192_sw128_sc0_sinks1_bfloat16,torch.bfloat16,64,32,418,8192,1000,1052,128,0.14428285360336304,0.12053971290588379,1.197,0.007812,production_dispatch,65536
d64_b32_h64kv8_q1000_k1052_ns418_tq8192_sw0_sc0_sinks1_bfloat16,torch.bfloat16,64,32,418,8192,1000,1052,0,0.5884044647216797,0.4812338352203369,1.2227,0.000977,production_dispatch,65536
d64_b32_h64kv8_q1000_k1053_ns425_tq8192_sw128_sc0_sinks1_bfloat16,torch.bfloat16,64,32,425,8192,1000,1053,128,0.1478963613510132,0.12045521736145019,1.2278,0.007812,production_dispatch,65536
d64_b32_h64kv8_q1000_k1053_ns425_tq8192_sw0_sc0_sinks1_bfloat16,torch.bfloat16,64,32,425,8192,1000,1053,0,0.5985604763031006,0.4866044044494629,1.2301,0.001953,production_dispatch,65536
d64_b32_h64kv8_q1000_k1054_ns433_tq8192_sw128_sc0_sinks1_bfloat16,torch.bfloat16,64,32,433,8192,1000,1054,128,0.14953337907791137,0.1226122260093689,1.2196,0.007812,production_dispatch,65536
d64_b32_h64kv8_q1000_k1054_ns433_tq8192_sw0_sc0_sinks1_bfloat16,torch.bfloat16,64,32,433,8192,1000,1054,0,0.6038335800170899,0.49626145362854,1.2168,0.000977,production_dispatch,65536
d64_b32_h64kv8_q1000_k1055_ns441_tq8192_sw128_sc0_sinks1_bfloat16,torch.bfloat16,64,32,441,8192,1000,1055,128,0.15186139345169067,0.12403222322463989,1.2244,0.007812,production_dispatch,65536
d64_b32_h64kv8_q1000_k1055_ns441_tq8192_sw0_sc0_sinks1_bfloat16,torch.bfloat16,64,32,441,8192,1000,1055,0,0.6197947025299072,0.5038855075836182,1.23,0.000977,production_dispatch,65536
d64_b32_h64kv8_q1000_k1056_ns449_tq8192_sw128_sc0_sinks1_bfloat16,torch.bfloat16,64,32,449,8192,1000,1056,128,0.15384939908981324,0.1241117238998413,1.2396,0.007812,production_dispatch,65536
d64_b32_h64kv8_q1000_k1056_ns449_tq8192_sw0_sc0_sinks1_bfloat16,torch.bfloat16,64,32,449,8192,1000,1056,0,0.6256341934204102,0.5109375,1.2245,0.003906,production_dispatch,65536
d64_b32_h64kv8_q1000_k1057_ns457_tq8192_sw128_sc0_sinks1_bfloat16,torch.bfloat16,64,32,457,8192,1000,1057,128,0.155510413646698,0.13326278924942017,1.1669,0.007812,production_dispatch,65536
d64_b32_h64kv8_q1000_k1057_ns457_tq8192_sw0_sc0_sinks1_bfloat16,torch.bfloat16,64,32,457,8192,1000,1057,0,0.632985258102417,0.5184965610504151,1.2208,0.001953,production_dispatch,65536
d64_b32_h64kv8_q1000_k1058_ns464_tq8192_sw128_sc0_sinks1_bfloat16,torch.bfloat16,64,32,464,8192,1000,1058,128,0.15772342681884766,0.13728880882263184,1.1488,0.007812,production_dispatch,65536
d64_b32_h64kv8_q1000_k1058_ns464_tq8192_sw0_sc0_sinks1_bfloat16,torch.bfloat16,64,32,464,8192,1000,1058,0,0.6398907661437988,0.5292060852050782,1.2092,0.000977,production_dispatch,65536
d64_b32_h64kv8_q1000_k1059_ns472_tq8192_sw128_sc0_sinks1_bfloat16,torch.bfloat16,64,32,472,8192,1000,1059,128,0.1607349395751953,0.14160432815551757,1.1351,0.003906,production_dispatch,65536
d64_b32_h64kv8_q1000_k1059_ns472_tq8192_sw0_sc0_sinks1_bfloat16,torch.bfloat16,64,32,472,8192,1000,1059,0,0.6493363380432129,0.5281041145324707,1.2296,0.000977,production_dispatch,65536
d64_b32_h64kv8_q1000_k1060_ns480_tq8192_sw128_sc0_sinks1_bfloat16,torch.bfloat16,64,32,480,8192,1000,1060,128,0.16332396268844604,0.14186633825302125,1.1513,0.003906,production_dispatch,65536
d64_b32_h64kv8_q1000_k1060_ns480_tq8192_sw0_sc0_sinks1_bfloat16,torch.bfloat16,64,32,480,8192,1000,1060,0,0.6603329181671143,0.5320396423339844,1.2411,0.000977,production_dispatch,65536
d64_b32_h64kv8_q1000_k1061_ns487_tq8192_sw128_sc0_sinks1_bfloat16,torch.bfloat16,64,32,487,8192,1000,1061,128,0.1672244906425476,0.13756879568099975,1.2156,0.007812,production_dispatch,65536
d64_b32_h64kv8_q1000_k1061_ns487_tq8192_sw0_sc0_sinks1_bfloat16,torch.bfloat16,64,32,487,8192,1000,1061,0,0.6700485229492188,0.5232575893402099,1.2805,0.000977,production_dispatch,65536
d64_b32_h64kv8_q1000_k1062_ns495_tq8192_sw128_sc0_sinks1_bfloat16,torch.bfloat16,64,32,495,8192,1000,1062,128,0.17360901832580566,0.13051127195358275,1.3302,0.007812,production_dispatch,65536
d64_b32_h64kv8_q1000_k1062_ns495_tq8192_sw0_sc0_sinks1_bfloat16,torch.bfloat16,64,32,495,8192,1000,1062,0,0.6907936096191406,0.5186340808868408,1.3319,0.000977,production_dispatch,65536
d64_b32_h64kv8_q1000_k1063_ns503_tq8192_sw128_sc0_sinks1_bfloat16,torch.bfloat16,64,32,503,8192,1000,1063,128,0.17734804153442382,0.12062121629714966,1.4703,0.007812,production_dispatch,65536
d64_b32_h64kv8_q1000_k1063_ns503_tq8192_sw0_sc0_sinks1_bfloat16,torch.bfloat16,64,32,503,8192,1000,1063,0,0.7083326816558838,0.5142630577087403,1.3774,0.001953,production_dispatch,65536
d64_b32_h64kv8_q1000_k1064_ns511_tq8192_sw128_sc0_sinks1_bfloat16,torch.bfloat16,64,32,511,8192,1000,1064,128,0.18130406141281127,0.11482017040252686,1.579,0.007812,production_dispatch,65536
d64_b32_h64kv8_q1000_k1064_ns511_tq8192_sw0_sc0_sinks1_bfloat16,torch.bfloat16,64,32,511,8192,1000,1064,0,0.724586296081543,0.5133695602416992,1.4114,0.003906,production_dispatch,65536
d64_b32_h64kv8_q1000_k1065_ns512_tq2499_sw128_sc0_sinks1_bfloat16,torch.bfloat16,64,32,512,2499,1000,1065,128,0.0806719720363617,0.05063478946685791,1.5932,0.007812,production_dispatch,65536
d64_b32_h64kv8_q1000_k1065_ns512_tq2499_sw0_sc0_sinks1_bfloat16,torch.bfloat16,64,32,512,2499,1000,1065,0,0.30248327255249025,0.24293391704559325,1.2451,0.000977,production_dispatch,65536
d64_b32_h64kv8_q1000_k1099_ns496_tq2494_sw128_sc0_sinks1_bfloat16,torch.bfloat16,64,32,496,2494,1000,1099,128,0.07919946312904358,0.050297290086746216,1.5746,0.007812,production_dispatch,65536
d64_b32_h64kv8_q1000_k1099_ns496_tq2494_sw0_sc0_sinks1_bfloat16,torch.bfloat16,64,32,496,2494,1000,1099,0,0.3127568483352661,0.24759044647216796,1.2632,0.000977,production_dispatch,65536
d64_b32_h64kv8_q1000_k1099_ns496_tq8192_sw128_sc0_sinks1_bfloat16,torch.bfloat16,64,32,496,8192,1000,1099,128,0.20843822956085206,0.12217822074890136,1.706,0.007812,production_dispatch,65536
d64_b32_h64kv8_q1000_k1099_ns496_tq8192_sw0_sc0_sinks1_bfloat16,torch.bfloat16,64,32,496,8192,1000,1099,0,0.7282648086547852,0.5192296028137207,1.4026,0.000977,production_dispatch,65536
d64_b32_h64kv8_q351_k1099_ns485_tq835_sw128_sc0_sinks1_bfloat16,torch.bfloat16,64,32,485,835,351,1099,128,0.06513638496398926,0.038416224718093875,1.6955,0.003906,production_dispatch,65536
d64_b32_h64kv8_q351_k1099_ns485_tq835_sw0_sc0_sinks1_bfloat16,torch.bfloat16,64,32,485,835,351,1099,0,0.299684739112854,0.2351233959197998,1.2746,0.000488,production_dispatch,65536
